olivia_sangster,
charlidamelio
,
bellapoarch
,
addisonre
,
dixiedamelio
,
lorengray
,
brookemonk_
,
daisykeech
,
itsjojosiwa
,
lizakoshy
,
savannahbrant
,
arishfakhan
,
hollyh
,
akimberly.loaiza
,
charlyjordan
,
daisymonk
,
avani
,
nikkietutorials
,
taylerholder
,
mckennagrace
,
kirakosarin
,
hannahstocking
,
vivianvillarreal
,
jazzyanne
,
sofiawylie
,
madimorrone
,
mikaylazazon
,
kamrinoel
,
kyliejenner
,
tanamongeau
,
emmachamberlain
,
jadethirlwall
,
jennatorr
,
ilikillysingh
,
theestallion
,
bhadbhabie
,
tayler_rae
,
nadiarose
,
taliamar
,
bellahadid
